<assembly xmlns="http://maven.apache.org/plugins/maven-assembly-plugin/assembly/1.1.0" xmlns:xsi="http://www.w3.org/2001/XMLSchema-instance"
    xsi:schemaLocation="http://maven.apache.org/plugins/maven-assembly-plugin/assembly/1.1.0 http://maven.apache.org/xsd/assembly-1.1.0.xsd">
  <id>${project.version}-bin</id>
  <formats>
    <format>zip</format>
  </formats>
  <baseDirectory>${project.artifactId}-${project.version}-bin</baseDirectory>
  <fileSets>
    <fileSet>
      <directory>${project.basedir}</directory>
      <outputDirectory>/</outputDirectory>
      <includes>
        <include>CHANGELOG*</include>
        <include>README*</include>
        <include>LICENSE*</include>
        <include>NOTICE*</include>
      </includes>
    </fileSet>
    <fileSet>
      <directory>${project.build.directory}</directory>
      <outputDirectory>/</outputDirectory>
      <includes>
        <include>*.jar</include>
      </includes>
      <excludes>
        <exclude>*-javadoc.jar</exclude>
        <exclude>*-sources.jar</exclude>
      </excludes>
    </fileSet>
    <fileSet>
      <directory>${project.build.directory}/site</directory>
      <outputDirectory>docs</outputDirectory>
    </fileSet>
  </fileSets>
</assembly>
